clubName,courtNumber,date,startHour,startTime,endTime,bookable,courtBookingLink,location
"Tennis BC Hub @ Richmond","Bubble Court 1","2025-06-19","06:00","06:30","09:00","","https://clubspark.ca/TBCHubRichmond/Booking/bookbycourt#?startDate=2025-06-19&endDate=2025-06-26&resource=0&&role=guest","Vancouver DT"
"Tennis BC Hub @ Richmond","Bubble Court 1","2025-06-19","14:00","14:30","15:00","","https://clubspark.ca/TBCHubRichmond/Booking/bookbycourt#?startDate=2025-06-19&endDate=2025-06-26&resource=0&&role=guest","Vancouver DT"
"Tennis BC Hub @ Richmond","Bubble Court 1","2025-06-19","22:00","22:00","23:00","","https://clubspark.ca/TBCHubRichmond/Booking/bookbycourt#?startDate=2025-06-19&endDate=2025-06-26&resource=0&&role=guest","Vancouver DT"
"Tennis BC Hub @ Richmond","Bubble Court 1","2025-06-20","08:00","08:30","09:00","","https://clubspark.ca/TBCHubRichmond/Booking/bookbycourt#?startDate=2025-06-19&endDate=2025-06-26&resource=0&&role=guest","Vancouver DT"
"Tennis BC Hub @ Richmond","Bubble Court 1","2025-06-20","15:00","15:00","16:00","","https://clubspark.ca/TBCHubRichmond/Booking/bookbycourt#?startDate=2025-06-19&endDate=2025-06-26&resource=0&&role=guest","Vancouver DT"
"Tennis BC Hub @ Richmond","Bubble Court 1","2025-06-22","07:00","07:30","09:00","","https://clubspark.ca/TBCHubRichmond/Booking/bookbycourt#?startDate=2025-06-19&endDate=2025-06-26&resource=0&&role=guest","Vancouver DT"
"Tennis BC Hub @ Richmond","Bubble Court 1","2025-06-22","19:00","19:00","22:00","","https://clubspark.ca/TBCHubRichmond/Booking/bookbycourt#?startDate=2025-06-19&endDate=2025-06-26&resource=0&&role=guest","Vancouver DT"
"Tennis BC Hub @ Richmond","Bubble Court 1","2025-06-23","06:00","06:30","08:00","","https://clubspark.ca/TBCHubRichmond/Booking/bookbycourt#?startDate=2025-06-19&endDate=2025-06-26&resource=0&&role=guest","Vancouver DT"
"Tennis BC Hub @ Richmond","Bubble Court 1","2025-06-23","13:00","13:00","14:00","","https://clubspark.ca/TBCHubRichmond/Booking/bookbycourt#?startDate=2025-06-19&endDate=2025-06-26&resource=0&&role=guest","Vancouver DT"
"Tennis BC Hub @ Richmond","Bubble Court 1","2025-06-23","22:00","22:00","23:00","","https://clubspark.ca/TBCHubRichmond/Booking/bookbycourt#?startDate=2025-06-19&endDate=2025-06-26&resource=0&&role=guest","Vancouver DT"
"Tennis BC Hub @ Richmond","Bubble Court 1","2025-06-24","06:00","06:30","08:00","","https://clubspark.ca/TBCHubRichmond/Booking/bookbycourt#?startDate=2025-06-19&endDate=2025-06-26&resource=0&&role=guest","Vancouver DT"
"Tennis BC Hub @ Richmond","Bubble Court 1","2025-06-24","12:00","12:00","13:00","","https://clubspark.ca/TBCHubRichmond/Booking/bookbycourt#?startDate=2025-06-19&endDate=2025-06-26&resource=0&&role=guest","Vancouver DT"
"Tennis BC Hub @ Richmond","Bubble Court 1","2025-06-25","06:00","06:30","07:30","","https://clubspark.ca/TBCHubRichmond/Booking/bookbycourt#?startDate=2025-06-19&endDate=2025-06-26&resource=0&&role=guest","Vancouver DT"
"Tennis BC Hub @ Richmond","Bubble Court 1","2025-06-25","08:00","08:30","09:00","","https://clubspark.ca/TBCHubRichmond/Booking/bookbycourt#?startDate=2025-06-19&endDate=2025-06-26&resource=0&&role=guest","Vancouver DT"
"Tennis BC Hub @ Richmond","Bubble Court 1","2025-06-25","22:00","22:00","23:00","","https://clubspark.ca/TBCHubRichmond/Booking/bookbycourt#?startDate=2025-06-19&endDate=2025-06-26&resource=0&&role=guest","Vancouver DT"
"Tennis BC Hub @ Richmond","Bubble Court 1","2025-06-26","06:00","06:30","08:00","","https://clubspark.ca/TBCHubRichmond/Booking/bookbycourt#?startDate=2025-06-19&endDate=2025-06-26&resource=0&&role=guest","Vancouver DT"
"Tennis BC Hub @ Richmond","Bubble Court 1","2025-06-26","22:00","22:00","23:00","","https://clubspark.ca/TBCHubRichmond/Booking/bookbycourt#?startDate=2025-06-19&endDate=2025-06-26&resource=0&&role=guest","Vancouver DT"
"Tennis BC Hub @ Richmond","Bubble Court 1","2025-06-27","08:00","08:30","09:00","","https://clubspark.ca/TBCHubRichmond/Booking/bookbycourt#?startDate=2025-06-19&endDate=2025-06-26&resource=0&&role=guest","Vancouver DT"
"Tennis BC Hub @ Richmond","Bubble Court 1","2025-06-27","15:00","15:00","23:00","","https://clubspark.ca/TBCHubRichmond/Booking/bookbycourt#?startDate=2025-06-19&endDate=2025-06-26&resource=0&&role=guest","Vancouver DT"
"Tennis BC Hub @ Richmond","Bubble Court 1","2025-06-28","10:00","10:30","23:00","179.3350011111111","https://clubspark.ca/TBCHubRichmond/Booking/bookbycourt#?startDate=2025-06-19&endDate=2025-06-26&resource=0&&role=guest","Vancouver DT"
"Tennis BC Hub @ Richmond","Bubble Court 1","2025-06-29","07:00","07:30","23:00","200.3350011111111","https://clubspark.ca/TBCHubRichmond/Booking/bookbycourt#?startDate=2025-06-19&endDate=2025-06-26&resource=0&&role=guest","Vancouver DT"
"Tennis BC Hub @ Richmond","Bubble Court 1","2025-06-30","06:00","06:30","09:00","223.3350011111111","https://clubspark.ca/TBCHubRichmond/Booking/bookbycourt#?startDate=2025-06-19&endDate=2025-06-26&resource=0&&role=guest","Vancouver DT"
"Tennis BC Hub @ Richmond","Bubble Court 1","2025-06-30","13:00","13:30","14:30","230.3350011111111","https://clubspark.ca/TBCHubRichmond/Booking/bookbycourt#?startDate=2025-06-19&endDate=2025-06-26&resource=0&&role=guest","Vancouver DT"
"Tennis BC Hub @ Richmond","Bubble Court 1","2025-06-30","17:00","17:00","23:00","233.8350011111111","https://clubspark.ca/TBCHubRichmond/Booking/bookbycourt#?startDate=2025-06-19&endDate=2025-06-26&resource=0&&role=guest","Vancouver DT"
"Tennis BC Hub @ Richmond","Bubble Court 1","2025-07-01","06:00","06:30","23:00","247.3350011111111","https://clubspark.ca/TBCHubRichmond/Booking/bookbycourt#?startDate=2025-06-19&endDate=2025-06-26&resource=0&&role=guest","Vancouver DT"
"Tennis BC Hub @ Richmond","Bubble Court 2","2025-06-19","06:00","06:30","08:00","","https://clubspark.ca/TBCHubRichmond/Booking/bookbycourt#?startDate=2025-06-19&endDate=2025-06-26&resource=1&&role=guest","Vancouver DT"
"Tennis BC Hub @ Richmond","Bubble Court 2","2025-06-19","12:00","12:00","14:00","","https://clubspark.ca/TBCHubRichmond/Booking/bookbycourt#?startDate=2025-06-19&endDate=2025-06-26&resource=1&&role=guest","Vancouver DT"
"Tennis BC Hub @ Richmond","Bubble Court 2","2025-06-19","15:00","15:00","16:00","","https://clubspark.ca/TBCHubRichmond/Booking/bookbycourt#?startDate=2025-06-19&endDate=2025-06-26&resource=1&&role=guest","Vancouver DT"
"Tennis BC Hub @ Richmond","Bubble Court 2","2025-06-19","22:00","22:00","23:00","","https://clubspark.ca/TBCHubRichmond/Booking/bookbycourt#?startDate=2025-06-19&endDate=2025-06-26&resource=1&&role=guest","Vancouver DT"
"Tennis BC Hub @ Richmond","Bubble Court 2","2025-06-20","12:00","12:00","14:00","","https://clubspark.ca/TBCHubRichmond/Booking/bookbycourt#?startDate=2025-06-19&endDate=2025-06-26&resource=1&&role=guest","Vancouver DT"
"Tennis BC Hub @ Richmond","Bubble Court 2","2025-06-21","22:00","22:00","23:00","","https://clubspark.ca/TBCHubRichmond/Booking/bookbycourt#?startDate=2025-06-19&endDate=2025-06-26&resource=1&&role=guest","Vancouver DT"
"Tennis BC Hub @ Richmond","Bubble Court 2","2025-06-22","07:00","07:30","09:00","","https://clubspark.ca/TBCHubRichmond/Booking/bookbycourt#?startDate=2025-06-19&endDate=2025-06-26&resource=1&&role=guest","Vancouver DT"
"Tennis BC Hub @ Richmond","Bubble Court 2","2025-06-22","19:00","19:00","23:00","","https://clubspark.ca/TBCHubRichmond/Booking/bookbycourt#?startDate=2025-06-19&endDate=2025-06-26&resource=1&&role=guest","Vancouver DT"
"Tennis BC Hub @ Richmond","Bubble Court 2","2025-06-23","06:00","06:30","09:00","","https://clubspark.ca/TBCHubRichmond/Booking/bookbycourt#?startDate=2025-06-19&endDate=2025-06-26&resource=1&&role=guest","Vancouver DT"
"Tennis BC Hub @ Richmond","Bubble Court 2","2025-06-23","13:00","13:00","16:00","","https://clubspark.ca/TBCHubRichmond/Booking/bookbycourt#?startDate=2025-06-19&endDate=2025-06-26&resource=1&&role=guest","Vancouver DT"
"Tennis BC Hub @ Richmond","Bubble Court 2","2025-06-23","22:00","22:00","23:00","","https://clubspark.ca/TBCHubRichmond/Booking/bookbycourt#?startDate=2025-06-19&endDate=2025-06-26&resource=1&&role=guest","Vancouver DT"
"Tennis BC Hub @ Richmond","Bubble Court 2","2025-06-24","06:00","06:30","09:00","","https://clubspark.ca/TBCHubRichmond/Booking/bookbycourt#?startDate=2025-06-19&endDate=2025-06-26&resource=1&&role=guest","Vancouver DT"
"Tennis BC Hub @ Richmond","Bubble Court 2","2025-06-24","12:00","12:00","16:00","","https://clubspark.ca/TBCHubRichmond/Booking/bookbycourt#?startDate=2025-06-19&endDate=2025-06-26&resource=1&&role=guest","Vancouver DT"
"Tennis BC Hub @ Richmond","Bubble Court 2","2025-06-25","06:00","06:30","08:00","","https://clubspark.ca/TBCHubRichmond/Booking/bookbycourt#?startDate=2025-06-19&endDate=2025-06-26&resource=1&&role=guest","Vancouver DT"
"Tennis BC Hub @ Richmond","Bubble Court 2","2025-06-25","12:00","12:00","16:00","","https://clubspark.ca/TBCHubRichmond/Booking/bookbycourt#?startDate=2025-06-19&endDate=2025-06-26&resource=1&&role=guest","Vancouver DT"
"Tennis BC Hub @ Richmond","Bubble Court 2","2025-06-25","22:00","22:00","23:00","","https://clubspark.ca/TBCHubRichmond/Booking/bookbycourt#?startDate=2025-06-19&endDate=2025-06-26&resource=1&&role=guest","Vancouver DT"
"Tennis BC Hub @ Richmond","Bubble Court 2","2025-06-26","06:00","06:30","09:00","","https://clubspark.ca/TBCHubRichmond/Booking/bookbycourt#?startDate=2025-06-19&endDate=2025-06-26&resource=1&&role=guest","Vancouver DT"
"Tennis BC Hub @ Richmond","Bubble Court 2","2025-06-26","14:00","14:00","16:00","","https://clubspark.ca/TBCHubRichmond/Booking/bookbycourt#?startDate=2025-06-19&endDate=2025-06-26&resource=1&&role=guest","Vancouver DT"
"Tennis BC Hub @ Richmond","Bubble Court 2","2025-06-26","22:00","22:00","23:00","","https://clubspark.ca/TBCHubRichmond/Booking/bookbycourt#?startDate=2025-06-19&endDate=2025-06-26&resource=1&&role=guest","Vancouver DT"
"Tennis BC Hub @ Richmond","Bubble Court 2","2025-06-27","08:00","08:30","09:00","","https://clubspark.ca/TBCHubRichmond/Booking/bookbycourt#?startDate=2025-06-19&endDate=2025-06-26&resource=1&&role=guest","Vancouver DT"
"Tennis BC Hub @ Richmond","Bubble Court 2","2025-06-27","12:00","12:00","23:00","","https://clubspark.ca/TBCHubRichmond/Booking/bookbycourt#?startDate=2025-06-19&endDate=2025-06-26&resource=1&&role=guest","Vancouver DT"
"Tennis BC Hub @ Richmond","Bubble Court 2","2025-06-28","09:00","09:00","23:00","177.8350011111111","https://clubspark.ca/TBCHubRichmond/Booking/bookbycourt#?startDate=2025-06-19&endDate=2025-06-26&resource=1&&role=guest","Vancouver DT"
"Tennis BC Hub @ Richmond","Bubble Court 2","2025-06-29","07:00","07:30","23:00","200.3350011111111","https://clubspark.ca/TBCHubRichmond/Booking/bookbycourt#?startDate=2025-06-19&endDate=2025-06-26&resource=1&&role=guest","Vancouver DT"
"Tennis BC Hub @ Richmond","Bubble Court 2","2025-06-30","06:00","06:30","09:00","223.3350011111111","https://clubspark.ca/TBCHubRichmond/Booking/bookbycourt#?startDate=2025-06-19&endDate=2025-06-26&resource=1&&role=guest","Vancouver DT"
"Tennis BC Hub @ Richmond","Bubble Court 2","2025-06-30","13:00","13:30","14:30","230.3350011111111","https://clubspark.ca/TBCHubRichmond/Booking/bookbycourt#?startDate=2025-06-19&endDate=2025-06-26&resource=1&&role=guest","Vancouver DT"
"Tennis BC Hub @ Richmond","Bubble Court 2","2025-06-30","17:00","17:00","23:00","233.8350011111111","https://clubspark.ca/TBCHubRichmond/Booking/bookbycourt#?startDate=2025-06-19&endDate=2025-06-26&resource=1&&role=guest","Vancouver DT"
"Tennis BC Hub @ Richmond","Bubble Court 2","2025-07-01","06:00","06:30","23:00","247.3350011111111","https://clubspark.ca/TBCHubRichmond/Booking/bookbycourt#?startDate=2025-06-19&endDate=2025-06-26&resource=1&&role=guest","Vancouver DT"
"Tennis BC Hub @ Richmond","Bubble Court 3","2025-06-19","06:00","06:30","13:00","","https://clubspark.ca/TBCHubRichmond/Booking/bookbycourt#?startDate=2025-06-19&endDate=2025-06-26&resource=2&&role=guest","Vancouver DT"
"Tennis BC Hub @ Richmond","Bubble Court 3","2025-06-19","15:00","15:00","16:00","","https://clubspark.ca/TBCHubRichmond/Booking/bookbycourt#?startDate=2025-06-19&endDate=2025-06-26&resource=2&&role=guest","Vancouver DT"
"Tennis BC Hub @ Richmond","Bubble Court 3","2025-06-19","22:00","22:00","23:00","","https://clubspark.ca/TBCHubRichmond/Booking/bookbycourt#?startDate=2025-06-19&endDate=2025-06-26&resource=2&&role=guest","Vancouver DT"
"Tennis BC Hub @ Richmond","Bubble Court 3","2025-06-20","08:00","08:30","14:00","","https://clubspark.ca/TBCHubRichmond/Booking/bookbycourt#?startDate=2025-06-19&endDate=2025-06-26&resource=2&&role=guest","Vancouver DT"
"Tennis BC Hub @ Richmond","Bubble Court 3","2025-06-21","22:00","22:00","23:00","","https://clubspark.ca/TBCHubRichmond/Booking/bookbycourt#?startDate=2025-06-19&endDate=2025-06-26&resource=2&&role=guest","Vancouver DT"
"Tennis BC Hub @ Richmond","Bubble Court 3","2025-06-22","07:00","07:30","09:00","","https://clubspark.ca/TBCHubRichmond/Booking/bookbycourt#?startDate=2025-06-19&endDate=2025-06-26&resource=2&&role=guest","Vancouver DT"
"Tennis BC Hub @ Richmond","Bubble Court 3","2025-06-22","17:00","17:00","18:00","","https://clubspark.ca/TBCHubRichmond/Booking/bookbycourt#?startDate=2025-06-19&endDate=2025-06-26&resource=2&&role=guest","Vancouver DT"
"Tennis BC Hub @ Richmond","Bubble Court 3","2025-06-22","20:00","20:00","23:00","","https://clubspark.ca/TBCHubRichmond/Booking/bookbycourt#?startDate=2025-06-19&endDate=2025-06-26&resource=2&&role=guest","Vancouver DT"
"Tennis BC Hub @ Richmond","Bubble Court 3","2025-06-23","06:00","06:30","11:30","","https://clubspark.ca/TBCHubRichmond/Booking/bookbycourt#?startDate=2025-06-19&endDate=2025-06-26&resource=2&&role=guest","Vancouver DT"
"Tennis BC Hub @ Richmond","Bubble Court 3","2025-06-23","13:00","13:30","15:00","","https://clubspark.ca/TBCHubRichmond/Booking/bookbycourt#?startDate=2025-06-19&endDate=2025-06-26&resource=2&&role=guest","Vancouver DT"
"Tennis BC Hub @ Richmond","Bubble Court 3","2025-06-23","22:00","22:00","23:00","","https://clubspark.ca/TBCHubRichmond/Booking/bookbycourt#?startDate=2025-06-19&endDate=2025-06-26&resource=2&&role=guest","Vancouver DT"
"Tennis BC Hub @ Richmond","Bubble Court 3","2025-06-24","06:00","06:30","16:00","","https://clubspark.ca/TBCHubRichmond/Booking/bookbycourt#?startDate=2025-06-19&endDate=2025-06-26&resource=2&&role=guest","Vancouver DT"
"Tennis BC Hub @ Richmond","Bubble Court 3","2025-06-24","22:00","22:00","23:00","","https://clubspark.ca/TBCHubRichmond/Booking/bookbycourt#?startDate=2025-06-19&endDate=2025-06-26&resource=2&&role=guest","Vancouver DT"
"Tennis BC Hub @ Richmond","Bubble Court 3","2025-06-25","06:00","06:30","10:00","","https://clubspark.ca/TBCHubRichmond/Booking/bookbycourt#?startDate=2025-06-19&endDate=2025-06-26&resource=2&&role=guest","Vancouver DT"
"Tennis BC Hub @ Richmond","Bubble Court 3","2025-06-25","12:00","12:00","16:00","","https://clubspark.ca/TBCHubRichmond/Booking/bookbycourt#?startDate=2025-06-19&endDate=2025-06-26&resource=2&&role=guest","Vancouver DT"
"Tennis BC Hub @ Richmond","Bubble Court 3","2025-06-25","22:00","22:00","23:00","","https://clubspark.ca/TBCHubRichmond/Booking/bookbycourt#?startDate=2025-06-19&endDate=2025-06-26&resource=2&&role=guest","Vancouver DT"
"Tennis BC Hub @ Richmond","Bubble Court 3","2025-06-26","06:00","06:30","16:00","","https://clubspark.ca/TBCHubRichmond/Booking/bookbycourt#?startDate=2025-06-19&endDate=2025-06-26&resource=2&&role=guest","Vancouver DT"
"Tennis BC Hub @ Richmond","Bubble Court 3","2025-06-26","22:00","22:00","23:00","","https://clubspark.ca/TBCHubRichmond/Booking/bookbycourt#?startDate=2025-06-19&endDate=2025-06-26&resource=2&&role=guest","Vancouver DT"
"Tennis BC Hub @ Richmond","Bubble Court 3","2025-06-27","09:00","09:30","23:00","","https://clubspark.ca/TBCHubRichmond/Booking/bookbycourt#?startDate=2025-06-19&endDate=2025-06-26&resource=2&&role=guest","Vancouver DT"
"Tennis BC Hub @ Richmond","Bubble Court 3","2025-06-28","09:00","09:00","23:00","177.8350011111111","https://clubspark.ca/TBCHubRichmond/Booking/bookbycourt#?startDate=2025-06-19&endDate=2025-06-26&resource=2&&role=guest","Vancouver DT"
"Tennis BC Hub @ Richmond","Bubble Court 3","2025-06-29","07:00","07:30","23:00","200.3350011111111","https://clubspark.ca/TBCHubRichmond/Booking/bookbycourt#?startDate=2025-06-19&endDate=2025-06-26&resource=2&&role=guest","Vancouver DT"
"Tennis BC Hub @ Richmond","Bubble Court 3","2025-06-30","06:00","06:30","09:00","223.3350011111111","https://clubspark.ca/TBCHubRichmond/Booking/bookbycourt#?startDate=2025-06-19&endDate=2025-06-26&resource=2&&role=guest","Vancouver DT"
"Tennis BC Hub @ Richmond","Bubble Court 3","2025-06-30","13:00","13:30","14:30","230.3350011111111","https://clubspark.ca/TBCHubRichmond/Booking/bookbycourt#?startDate=2025-06-19&endDate=2025-06-26&resource=2&&role=guest","Vancouver DT"
"Tennis BC Hub @ Richmond","Bubble Court 3","2025-06-30","17:00","17:00","23:00","233.8350011111111","https://clubspark.ca/TBCHubRichmond/Booking/bookbycourt#?startDate=2025-06-19&endDate=2025-06-26&resource=2&&role=guest","Vancouver DT"
"Tennis BC Hub @ Richmond","Bubble Court 3","2025-07-01","06:00","06:30","23:00","247.3350011111111","https://clubspark.ca/TBCHubRichmond/Booking/bookbycourt#?startDate=2025-06-19&endDate=2025-06-26&resource=2&&role=guest","Vancouver DT"
"Tennis BC Hub @ Richmond","Bubble Court 4","2025-06-19","06:00","06:30","09:00","","https://clubspark.ca/TBCHubRichmond/Booking/bookbycourt#?startDate=2025-06-19&endDate=2025-06-26&resource=3&&role=guest","Vancouver DT"
"Tennis BC Hub @ Richmond","Bubble Court 4","2025-06-19","12:00","12:00","15:00","","https://clubspark.ca/TBCHubRichmond/Booking/bookbycourt#?startDate=2025-06-19&endDate=2025-06-26&resource=3&&role=guest","Vancouver DT"
"Tennis BC Hub @ Richmond","Bubble Court 4","2025-06-20","06:00","06:30","07:30","","https://clubspark.ca/TBCHubRichmond/Booking/bookbycourt#?startDate=2025-06-19&endDate=2025-06-26&resource=3&&role=guest","Vancouver DT"
"Tennis BC Hub @ Richmond","Bubble Court 4","2025-06-20","11:00","11:30","12:00","","https://clubspark.ca/TBCHubRichmond/Booking/bookbycourt#?startDate=2025-06-19&endDate=2025-06-26&resource=3&&role=guest","Vancouver DT"
"Tennis BC Hub @ Richmond","Bubble Court 4","2025-06-20","13:00","13:00","14:00","","https://clubspark.ca/TBCHubRichmond/Booking/bookbycourt#?startDate=2025-06-19&endDate=2025-06-26&resource=3&&role=guest","Vancouver DT"
"Tennis BC Hub @ Richmond","Bubble Court 4","2025-06-20","16:00","16:00","17:00","","https://clubspark.ca/TBCHubRichmond/Booking/bookbycourt#?startDate=2025-06-19&endDate=2025-06-26&resource=3&&role=guest","Vancouver DT"
"Tennis BC Hub @ Richmond","Bubble Court 4","2025-06-20","22:00","22:00","23:00","","https://clubspark.ca/TBCHubRichmond/Booking/bookbycourt#?startDate=2025-06-19&endDate=2025-06-26&resource=3&&role=guest","Vancouver DT"
"Tennis BC Hub @ Richmond","Bubble Court 4","2025-06-21","22:00","22:00","23:00","","https://clubspark.ca/TBCHubRichmond/Booking/bookbycourt#?startDate=2025-06-19&endDate=2025-06-26&resource=3&&role=guest","Vancouver DT"
"Tennis BC Hub @ Richmond","Bubble Court 4","2025-06-22","07:00","07:30","08:00","","https://clubspark.ca/TBCHubRichmond/Booking/bookbycourt#?startDate=2025-06-19&endDate=2025-06-26&resource=3&&role=guest","Vancouver DT"
"Tennis BC Hub @ Richmond","Bubble Court 4","2025-06-22","22:00","22:00","23:00","","https://clubspark.ca/TBCHubRichmond/Booking/bookbycourt#?startDate=2025-06-19&endDate=2025-06-26&resource=3&&role=guest","Vancouver DT"
"Tennis BC Hub @ Richmond","Bubble Court 4","2025-06-23","06:00","06:30","07:00","","https://clubspark.ca/TBCHubRichmond/Booking/bookbycourt#?startDate=2025-06-19&endDate=2025-06-26&resource=3&&role=guest","Vancouver DT"
"Tennis BC Hub @ Richmond","Bubble Court 4","2025-06-23","09:00","09:00","10:30","","https://clubspark.ca/TBCHubRichmond/Booking/bookbycourt#?startDate=2025-06-19&endDate=2025-06-26&resource=3&&role=guest","Vancouver DT"
"Tennis BC Hub @ Richmond","Bubble Court 4","2025-06-23","12:00","12:30","13:00","","https://clubspark.ca/TBCHubRichmond/Booking/bookbycourt#?startDate=2025-06-19&endDate=2025-06-26&resource=3&&role=guest","Vancouver DT"
"Tennis BC Hub @ Richmond","Bubble Court 4","2025-06-23","14:00","14:30","15:00","","https://clubspark.ca/TBCHubRichmond/Booking/bookbycourt#?startDate=2025-06-19&endDate=2025-06-26&resource=3&&role=guest","Vancouver DT"
"Tennis BC Hub @ Richmond","Bubble Court 4","2025-06-23","22:00","22:00","23:00","","https://clubspark.ca/TBCHubRichmond/Booking/bookbycourt#?startDate=2025-06-19&endDate=2025-06-26&resource=3&&role=guest","Vancouver DT"
"Tennis BC Hub @ Richmond","Bubble Court 4","2025-06-24","06:00","06:30","07:00","","https://clubspark.ca/TBCHubRichmond/Booking/bookbycourt#?startDate=2025-06-19&endDate=2025-06-26&resource=3&&role=guest","Vancouver DT"
"Tennis BC Hub @ Richmond","Bubble Court 4","2025-06-24","08:00","08:00","12:00","","https://clubspark.ca/TBCHubRichmond/Booking/bookbycourt#?startDate=2025-06-19&endDate=2025-06-26&resource=3&&role=guest","Vancouver DT"
"Tennis BC Hub @ Richmond","Bubble Court 4","2025-06-24","14:00","14:00","14:30","","https://clubspark.ca/TBCHubRichmond/Booking/bookbycourt#?startDate=2025-06-19&endDate=2025-06-26&resource=3&&role=guest","Vancouver DT"
"Tennis BC Hub @ Richmond","Bubble Court 4","2025-06-24","22:00","22:00","23:00","","https://clubspark.ca/TBCHubRichmond/Booking/bookbycourt#?startDate=2025-06-19&endDate=2025-06-26&resource=3&&role=guest","Vancouver DT"
"Tennis BC Hub @ Richmond","Bubble Court 4","2025-06-25","06:00","06:30","07:00","","https://clubspark.ca/TBCHubRichmond/Booking/bookbycourt#?startDate=2025-06-19&endDate=2025-06-26&resource=3&&role=guest","Vancouver DT"
"Tennis BC Hub @ Richmond","Bubble Court 4","2025-06-25","09:00","09:00","10:30","","https://clubspark.ca/TBCHubRichmond/Booking/bookbycourt#?startDate=2025-06-19&endDate=2025-06-26&resource=3&&role=guest","Vancouver DT"
"Tennis BC Hub @ Richmond","Bubble Court 4","2025-06-25","12:00","12:30","13:00","","https://clubspark.ca/TBCHubRichmond/Booking/bookbycourt#?startDate=2025-06-19&endDate=2025-06-26&resource=3&&role=guest","Vancouver DT"
"Tennis BC Hub @ Richmond","Bubble Court 4","2025-06-25","14:00","14:30","15:00","","https://clubspark.ca/TBCHubRichmond/Booking/bookbycourt#?startDate=2025-06-19&endDate=2025-06-26&resource=3&&role=guest","Vancouver DT"
"Tennis BC Hub @ Richmond","Bubble Court 4","2025-06-25","22:00","22:00","23:00","","https://clubspark.ca/TBCHubRichmond/Booking/bookbycourt#?startDate=2025-06-19&endDate=2025-06-26&resource=3&&role=guest","Vancouver DT"
"Tennis BC Hub @ Richmond","Bubble Court 4","2025-06-26","06:00","06:30","10:30","","https://clubspark.ca/TBCHubRichmond/Booking/bookbycourt#?startDate=2025-06-19&endDate=2025-06-26&resource=3&&role=guest","Vancouver DT"
"Tennis BC Hub @ Richmond","Bubble Court 4","2025-06-26","12:00","12:30","15:00","","https://clubspark.ca/TBCHubRichmond/Booking/bookbycourt#?startDate=2025-06-19&endDate=2025-06-26&resource=3&&role=guest","Vancouver DT"
"Tennis BC Hub @ Richmond","Bubble Court 4","2025-06-26","22:00","22:00","23:00","","https://clubspark.ca/TBCHubRichmond/Booking/bookbycourt#?startDate=2025-06-19&endDate=2025-06-26&resource=3&&role=guest","Vancouver DT"
"Tennis BC Hub @ Richmond","Bubble Court 4","2025-06-27","06:00","06:30","08:30","","https://clubspark.ca/TBCHubRichmond/Booking/bookbycourt#?startDate=2025-06-19&endDate=2025-06-26&resource=3&&role=guest","Vancouver DT"
"Tennis BC Hub @ Richmond","Bubble Court 4","2025-06-27","09:00","09:30","23:00","","https://clubspark.ca/TBCHubRichmond/Booking/bookbycourt#?startDate=2025-06-19&endDate=2025-06-26&resource=3&&role=guest","Vancouver DT"
"Tennis BC Hub @ Richmond","Bubble Court 4","2025-06-28","09:00","09:00","23:00","177.8350011111111","https://clubspark.ca/TBCHubRichmond/Booking/bookbycourt#?startDate=2025-06-19&endDate=2025-06-26&resource=3&&role=guest","Vancouver DT"
"Tennis BC Hub @ Richmond","Bubble Court 4","2025-06-29","07:00","07:30","23:00","200.3350011111111","https://clubspark.ca/TBCHubRichmond/Booking/bookbycourt#?startDate=2025-06-19&endDate=2025-06-26&resource=3&&role=guest","Vancouver DT"
"Tennis BC Hub @ Richmond","Bubble Court 4","2025-06-30","06:00","06:30","09:00","223.3350011111111","https://clubspark.ca/TBCHubRichmond/Booking/bookbycourt#?startDate=2025-06-19&endDate=2025-06-26&resource=3&&role=guest","Vancouver DT"
"Tennis BC Hub @ Richmond","Bubble Court 4","2025-06-30","13:00","13:30","14:30","230.3350011111111","https://clubspark.ca/TBCHubRichmond/Booking/bookbycourt#?startDate=2025-06-19&endDate=2025-06-26&resource=3&&role=guest","Vancouver DT"
"Tennis BC Hub @ Richmond","Bubble Court 4","2025-06-30","17:00","17:00","23:00","233.8350011111111","https://clubspark.ca/TBCHubRichmond/Booking/bookbycourt#?startDate=2025-06-19&endDate=2025-06-26&resource=3&&role=guest","Vancouver DT"
"Tennis BC Hub @ Richmond","Bubble Court 4","2025-07-01","06:00","06:30","23:00","247.3350011111111","https://clubspark.ca/TBCHubRichmond/Booking/bookbycourt#?startDate=2025-06-19&endDate=2025-06-26&resource=3&&role=guest","Vancouver DT"
"Tennis BC Hub @ Stanley Park","Stanley Park Court #1","2025-06-19","06:00","06:30","08:00","","https://clubspark.ca/TBCHubStanleyPark/Booking/bookbycourt#?startDate=2025-06-19&endDate=2025-06-26&resource=0&&role=guest","Richmond"
"Tennis BC Hub @ Stanley Park","Stanley Park Court #1","2025-06-19","09:00","09:00","09:30","","https://clubspark.ca/TBCHubStanleyPark/Booking/bookbycourt#?startDate=2025-06-19&endDate=2025-06-26&resource=0&&role=guest","Richmond"
"Tennis BC Hub @ Stanley Park","Stanley Park Court #1","2025-06-19","11:00","11:30","12:30","","https://clubspark.ca/TBCHubStanleyPark/Booking/bookbycourt#?startDate=2025-06-19&endDate=2025-06-26&resource=0&&role=guest","Richmond"
"Tennis BC Hub @ Stanley Park","Stanley Park Court #1","2025-06-20","07:00","07:30","08:00","","https://clubspark.ca/TBCHubStanleyPark/Booking/bookbycourt#?startDate=2025-06-19&endDate=2025-06-26&resource=0&&role=guest","Richmond"
"Tennis BC Hub @ Stanley Park","Stanley Park Court #1","2025-06-20","10:00","10:00","14:00","","https://clubspark.ca/TBCHubStanleyPark/Booking/bookbycourt#?startDate=2025-06-19&endDate=2025-06-26&resource=0&&role=guest","Richmond"
"Tennis BC Hub @ Stanley Park","Stanley Park Court #1","2025-06-20","15:00","15:30","16:30","","https://clubspark.ca/TBCHubStanleyPark/Booking/bookbycourt#?startDate=2025-06-19&endDate=2025-06-26&resource=0&&role=guest","Richmond"
"Tennis BC Hub @ Stanley Park","Stanley Park Court #1","2025-06-21","06:00","06:30","08:00","","https://clubspark.ca/TBCHubStanleyPark/Booking/bookbycourt#?startDate=2025-06-19&endDate=2025-06-26&resource=0&&role=guest","Richmond"
"Tennis BC Hub @ Stanley Park","Stanley Park Court #1","2025-06-21","09:00","09:00","11:00","","https://clubspark.ca/TBCHubStanleyPark/Booking/bookbycourt#?startDate=2025-06-19&endDate=2025-06-26&resource=0&&role=guest","Richmond"
"Tennis BC Hub @ Stanley Park","Stanley Park Court #1","2025-06-21","19:00","19:00","21:00","","https://clubspark.ca/TBCHubStanleyPark/Booking/bookbycourt#?startDate=2025-06-19&endDate=2025-06-26&resource=0&&role=guest","Richmond"
"Tennis BC Hub @ Stanley Park","Stanley Park Court #1","2025-06-22","20:00","20:00","21:00","","https://clubspark.ca/TBCHubStanleyPark/Booking/bookbycourt#?startDate=2025-06-19&endDate=2025-06-26&resource=0&&role=guest","Richmond"
"Tennis BC Hub @ Stanley Park","Stanley Park Court #1","2025-06-23","06:00","06:30","08:00","","https://clubspark.ca/TBCHubStanleyPark/Booking/bookbycourt#?startDate=2025-06-19&endDate=2025-06-26&resource=0&&role=guest","Richmond"
"Tennis BC Hub @ Stanley Park","Stanley Park Court #1","2025-06-23","09:00","09:00","13:00","","https://clubspark.ca/TBCHubStanleyPark/Booking/bookbycourt#?startDate=2025-06-19&endDate=2025-06-26&resource=0&&role=guest","Richmond"
"Tennis BC Hub @ Stanley Park","Stanley Park Court #1","2025-06-23","15:00","15:00","16:30","","https://clubspark.ca/TBCHubStanleyPark/Booking/bookbycourt#?startDate=2025-06-19&endDate=2025-06-26&resource=0&&role=guest","Richmond"
"Tennis BC Hub @ Stanley Park","Stanley Park Court #1","2025-06-24","06:00","06:30","08:00","","https://clubspark.ca/TBCHubStanleyPark/Booking/bookbycourt#?startDate=2025-06-19&endDate=2025-06-26&resource=0&&role=guest","Richmond"
"Tennis BC Hub @ Stanley Park","Stanley Park Court #1","2025-06-24","09:00","09:00","13:00","","https://clubspark.ca/TBCHubStanleyPark/Booking/bookbycourt#?startDate=2025-06-19&endDate=2025-06-26&resource=0&&role=guest","Richmond"
"Tennis BC Hub @ Stanley Park","Stanley Park Court #1","2025-06-24","15:00","15:00","16:00","","https://clubspark.ca/TBCHubStanleyPark/Booking/bookbycourt#?startDate=2025-06-19&endDate=2025-06-26&resource=0&&role=guest","Richmond"
"Tennis BC Hub @ Stanley Park","Stanley Park Court #1","2025-06-24","20:00","20:00","21:00","","https://clubspark.ca/TBCHubStanleyPark/Booking/bookbycourt#?startDate=2025-06-19&endDate=2025-06-26&resource=0&&role=guest","Richmond"
"Tennis BC Hub @ Stanley Park","Stanley Park Court #1","2025-06-25","06:00","06:30","08:00","","https://clubspark.ca/TBCHubStanleyPark/Booking/bookbycourt#?startDate=2025-06-19&endDate=2025-06-26&resource=0&&role=guest","Richmond"
"Tennis BC Hub @ Stanley Park","Stanley Park Court #1","2025-06-25","09:00","09:00","12:00","","https://clubspark.ca/TBCHubStanleyPark/Booking/bookbycourt#?startDate=2025-06-19&endDate=2025-06-26&resource=0&&role=guest","Richmond"
"Tennis BC Hub @ Stanley Park","Stanley Park Court #1","2025-06-25","13:00","13:00","18:00","","https://clubspark.ca/TBCHubStanleyPark/Booking/bookbycourt#?startDate=2025-06-19&endDate=2025-06-26&resource=0&&role=guest","Richmond"
"Tennis BC Hub @ Stanley Park","Stanley Park Court #1","2025-06-26","06:00","06:30","08:00","","https://clubspark.ca/TBCHubStanleyPark/Booking/bookbycourt#?startDate=2025-06-19&endDate=2025-06-26&resource=0&&role=guest","Richmond"
"Tennis BC Hub @ Stanley Park","Stanley Park Court #1","2025-06-26","09:00","09:00","09:30","","https://clubspark.ca/TBCHubStanleyPark/Booking/bookbycourt#?startDate=2025-06-19&endDate=2025-06-26&resource=0&&role=guest","Richmond"
"Tennis BC Hub @ Stanley Park","Stanley Park Court #1","2025-06-26","11:00","11:30","16:30","","https://clubspark.ca/TBCHubStanleyPark/Booking/bookbycourt#?startDate=2025-06-19&endDate=2025-06-26&resource=0&&role=guest","Richmond"
"Tennis BC Hub @ Stanley Park","Stanley Park Court #1","2025-06-26","20:00","20:00","21:00","","https://clubspark.ca/TBCHubStanleyPark/Booking/bookbycourt#?startDate=2025-06-19&endDate=2025-06-26&resource=0&&role=guest","Richmond"
"Tennis BC Hub @ Stanley Park","Stanley Park Court #1","2025-06-27","06:00","06:30","08:00","","https://clubspark.ca/TBCHubStanleyPark/Booking/bookbycourt#?startDate=2025-06-19&endDate=2025-06-26&resource=0&&role=guest","Richmond"
"Tennis BC Hub @ Stanley Park","Stanley Park Court #1","2025-06-27","09:00","09:00","16:30","","https://clubspark.ca/TBCHubStanleyPark/Booking/bookbycourt#?startDate=2025-06-19&endDate=2025-06-26&resource=0&&role=guest","Richmond"
"Tennis BC Hub @ Stanley Park","Stanley Park Court #1","2025-06-27","20:00","20:00","21:00","","https://clubspark.ca/TBCHubStanleyPark/Booking/bookbycourt#?startDate=2025-06-19&endDate=2025-06-26&resource=0&&role=guest","Richmond"
"Tennis BC Hub @ Stanley Park","Stanley Park Court #1","2025-06-28","06:00","06:30","08:00","175.33500083333334","https://clubspark.ca/TBCHubStanleyPark/Booking/bookbycourt#?startDate=2025-06-19&endDate=2025-06-26&resource=0&&role=guest","Richmond"
"Tennis BC Hub @ Stanley Park","Stanley Park Court #1","2025-06-28","09:00","09:00","11:00","177.83500083333334","https://clubspark.ca/TBCHubStanleyPark/Booking/bookbycourt#?startDate=2025-06-19&endDate=2025-06-26&resource=0&&role=guest","Richmond"
"Tennis BC Hub @ Stanley Park","Stanley Park Court #1","2025-06-28","13:00","13:00","15:00","181.83500083333334","https://clubspark.ca/TBCHubStanleyPark/Booking/bookbycourt#?startDate=2025-06-19&endDate=2025-06-26&resource=0&&role=guest","Richmond"
"Tennis BC Hub @ Stanley Park","Stanley Park Court #1","2025-06-29","06:00","06:30","08:00","199.33500083333334","https://clubspark.ca/TBCHubStanleyPark/Booking/bookbycourt#?startDate=2025-06-19&endDate=2025-06-26&resource=0&&role=guest","Richmond"
"Tennis BC Hub @ Stanley Park","Stanley Park Court #1","2025-06-29","09:00","09:00","10:00","201.83500083333334","https://clubspark.ca/TBCHubStanleyPark/Booking/bookbycourt#?startDate=2025-06-19&endDate=2025-06-26&resource=0&&role=guest","Richmond"
"Tennis BC Hub @ Stanley Park","Stanley Park Court #1","2025-06-29","20:00","20:00","21:00","212.83500083333334","https://clubspark.ca/TBCHubStanleyPark/Booking/bookbycourt#?startDate=2025-06-19&endDate=2025-06-26&resource=0&&role=guest","Richmond"
"Tennis BC Hub @ Stanley Park","Stanley Park Court #1","2025-06-30","06:00","06:30","08:00","223.33500083333334","https://clubspark.ca/TBCHubStanleyPark/Booking/bookbycourt#?startDate=2025-06-19&endDate=2025-06-26&resource=0&&role=guest","Richmond"
"Tennis BC Hub @ Stanley Park","Stanley Park Court #1","2025-06-30","09:00","09:00","18:00","225.83500083333334","https://clubspark.ca/TBCHubStanleyPark/Booking/bookbycourt#?startDate=2025-06-19&endDate=2025-06-26&resource=0&&role=guest","Richmond"
"Tennis BC Hub @ Stanley Park","Stanley Park Court #1","2025-06-30","20:00","20:00","21:00","236.83500083333334","https://clubspark.ca/TBCHubStanleyPark/Booking/bookbycourt#?startDate=2025-06-19&endDate=2025-06-26&resource=0&&role=guest","Richmond"
"Tennis BC Hub @ Stanley Park","Stanley Park Court #1","2025-07-01","06:00","06:30","08:00","247.33500083333334","https://clubspark.ca/TBCHubStanleyPark/Booking/bookbycourt#?startDate=2025-06-19&endDate=2025-06-26&resource=0&&role=guest","Richmond"
"Tennis BC Hub @ Stanley Park","Stanley Park Court #1","2025-07-01","09:00","09:00","21:00","249.83500083333334","https://clubspark.ca/TBCHubStanleyPark/Booking/bookbycourt#?startDate=2025-06-19&endDate=2025-06-26&resource=0&&role=guest","Richmond"
"Tennis BC Hub @ Stanley Park","Stanley Park Court #2","2025-06-19","06:00","06:30","08:00","","https://clubspark.ca/TBCHubStanleyPark/Booking/bookbycourt#?startDate=2025-06-19&endDate=2025-06-26&resource=1&&role=guest","Richmond"
"Tennis BC Hub @ Stanley Park","Stanley Park Court #2","2025-06-19","09:00","09:00","10:00","","https://clubspark.ca/TBCHubStanleyPark/Booking/bookbycourt#?startDate=2025-06-19&endDate=2025-06-26&resource=1&&role=guest","Richmond"
"Tennis BC Hub @ Stanley Park","Stanley Park Court #2","2025-06-20","06:00","06:30","08:00","","https://clubspark.ca/TBCHubStanleyPark/Booking/bookbycourt#?startDate=2025-06-19&endDate=2025-06-26&resource=1&&role=guest","Richmond"
"Tennis BC Hub @ Stanley Park","Stanley Park Court #2","2025-06-20","09:00","09:00","16:30","","https://clubspark.ca/TBCHubStanleyPark/Booking/bookbycourt#?startDate=2025-06-19&endDate=2025-06-26&resource=1&&role=guest","Richmond"
"Tennis BC Hub @ Stanley Park","Stanley Park Court #2","2025-06-20","20:00","20:00","21:00","","https://clubspark.ca/TBCHubStanleyPark/Booking/bookbycourt#?startDate=2025-06-19&endDate=2025-06-26&resource=1&&role=guest","Richmond"
"Tennis BC Hub @ Stanley Park","Stanley Park Court #2","2025-06-21","06:00","06:30","08:00","","https://clubspark.ca/TBCHubStanleyPark/Booking/bookbycourt#?startDate=2025-06-19&endDate=2025-06-26&resource=1&&role=guest","Richmond"
"Tennis BC Hub @ Stanley Park","Stanley Park Court #2","2025-06-21","09:00","09:00","11:00","","https://clubspark.ca/TBCHubStanleyPark/Booking/bookbycourt#?startDate=2025-06-19&endDate=2025-06-26&resource=1&&role=guest","Richmond"
"Tennis BC Hub @ Stanley Park","Stanley Park Court #2","2025-06-21","19:00","19:00","21:00","","https://clubspark.ca/TBCHubStanleyPark/Booking/bookbycourt#?startDate=2025-06-19&endDate=2025-06-26&resource=1&&role=guest","Richmond"
"Tennis BC Hub @ Stanley Park","Stanley Park Court #2","2025-06-22","06:00","06:30","08:00","","https://clubspark.ca/TBCHubStanleyPark/Booking/bookbycourt#?startDate=2025-06-19&endDate=2025-06-26&resource=1&&role=guest","Richmond"
"Tennis BC Hub @ Stanley Park","Stanley Park Court #2","2025-06-22","09:00","09:00","10:00","","https://clubspark.ca/TBCHubStanleyPark/Booking/bookbycourt#?startDate=2025-06-19&endDate=2025-06-26&resource=1&&role=guest","Richmond"
"Tennis BC Hub @ Stanley Park","Stanley Park Court #2","2025-06-22","17:00","17:30","21:00","","https://clubspark.ca/TBCHubStanleyPark/Booking/bookbycourt#?startDate=2025-06-19&endDate=2025-06-26&resource=1&&role=guest","Richmond"
"Tennis BC Hub @ Stanley Park","Stanley Park Court #2","2025-06-23","06:00","06:30","08:00","","https://clubspark.ca/TBCHubStanleyPark/Booking/bookbycourt#?startDate=2025-06-19&endDate=2025-06-26&resource=1&&role=guest","Richmond"
"Tennis BC Hub @ Stanley Park","Stanley Park Court #2","2025-06-23","09:00","09:00","12:00","","https://clubspark.ca/TBCHubStanleyPark/Booking/bookbycourt#?startDate=2025-06-19&endDate=2025-06-26&resource=1&&role=guest","Richmond"
"Tennis BC Hub @ Stanley Park","Stanley Park Court #2","2025-06-23","16:00","16:00","16:30","","https://clubspark.ca/TBCHubStanleyPark/Booking/bookbycourt#?startDate=2025-06-19&endDate=2025-06-26&resource=1&&role=guest","Richmond"
"Tennis BC Hub @ Stanley Park","Stanley Park Court #2","2025-06-23","20:00","20:00","21:00","","https://clubspark.ca/TBCHubStanleyPark/Booking/bookbycourt#?startDate=2025-06-19&endDate=2025-06-26&resource=1&&role=guest","Richmond"
"Tennis BC Hub @ Stanley Park","Stanley Park Court #2","2025-06-24","06:00","06:30","08:00","","https://clubspark.ca/TBCHubStanleyPark/Booking/bookbycourt#?startDate=2025-06-19&endDate=2025-06-26&resource=1&&role=guest","Richmond"
"Tennis BC Hub @ Stanley Park","Stanley Park Court #2","2025-06-24","09:00","09:00","10:00","","https://clubspark.ca/TBCHubStanleyPark/Booking/bookbycourt#?startDate=2025-06-19&endDate=2025-06-26&resource=1&&role=guest","Richmond"
"Tennis BC Hub @ Stanley Park","Stanley Park Court #2","2025-06-24","11:00","11:00","12:00","","https://clubspark.ca/TBCHubStanleyPark/Booking/bookbycourt#?startDate=2025-06-19&endDate=2025-06-26&resource=1&&role=guest","Richmond"
"Tennis BC Hub @ Stanley Park","Stanley Park Court #2","2025-06-24","14:00","14:00","15:00","","https://clubspark.ca/TBCHubStanleyPark/Booking/bookbycourt#?startDate=2025-06-19&endDate=2025-06-26&resource=1&&role=guest","Richmond"
"Tennis BC Hub @ Stanley Park","Stanley Park Court #2","2025-06-25","06:00","06:30","08:00","","https://clubspark.ca/TBCHubStanleyPark/Booking/bookbycourt#?startDate=2025-06-19&endDate=2025-06-26&resource=1&&role=guest","Richmond"
"Tennis BC Hub @ Stanley Park","Stanley Park Court #2","2025-06-25","09:00","09:00","11:00","","https://clubspark.ca/TBCHubStanleyPark/Booking/bookbycourt#?startDate=2025-06-19&endDate=2025-06-26&resource=1&&role=guest","Richmond"
"Tennis BC Hub @ Stanley Park","Stanley Park Court #2","2025-06-25","16:00","16:00","16:30","","https://clubspark.ca/TBCHubStanleyPark/Booking/bookbycourt#?startDate=2025-06-19&endDate=2025-06-26&resource=1&&role=guest","Richmond"
"Tennis BC Hub @ Stanley Park","Stanley Park Court #2","2025-06-26","06:00","06:30","08:00","","https://clubspark.ca/TBCHubStanleyPark/Booking/bookbycourt#?startDate=2025-06-19&endDate=2025-06-26&resource=1&&role=guest","Richmond"
"Tennis BC Hub @ Stanley Park","Stanley Park Court #2","2025-06-26","10:00","10:00","16:30","","https://clubspark.ca/TBCHubStanleyPark/Booking/bookbycourt#?startDate=2025-06-19&endDate=2025-06-26&resource=1&&role=guest","Richmond"
"Tennis BC Hub @ Stanley Park","Stanley Park Court #2","2025-06-27","06:00","06:30","08:00","","https://clubspark.ca/TBCHubStanleyPark/Booking/bookbycourt#?startDate=2025-06-19&endDate=2025-06-26&resource=1&&role=guest","Richmond"
"Tennis BC Hub @ Stanley Park","Stanley Park Court #2","2025-06-27","09:00","09:00","16:30","","https://clubspark.ca/TBCHubStanleyPark/Booking/bookbycourt#?startDate=2025-06-19&endDate=2025-06-26&resource=1&&role=guest","Richmond"
"Tennis BC Hub @ Stanley Park","Stanley Park Court #2","2025-06-27","20:00","20:00","21:00","","https://clubspark.ca/TBCHubStanleyPark/Booking/bookbycourt#?startDate=2025-06-19&endDate=2025-06-26&resource=1&&role=guest","Richmond"
"Tennis BC Hub @ Stanley Park","Stanley Park Court #2","2025-06-28","06:00","06:30","08:00","175.33500083333334","https://clubspark.ca/TBCHubStanleyPark/Booking/bookbycourt#?startDate=2025-06-19&endDate=2025-06-26&resource=1&&role=guest","Richmond"
"Tennis BC Hub @ Stanley Park","Stanley Park Court #2","2025-06-28","09:00","09:00","11:00","177.83500083333334","https://clubspark.ca/TBCHubStanleyPark/Booking/bookbycourt#?startDate=2025-06-19&endDate=2025-06-26&resource=1&&role=guest","Richmond"
"Tennis BC Hub @ Stanley Park","Stanley Park Court #2","2025-06-28","13:00","13:00","15:00","181.83500083333334","https://clubspark.ca/TBCHubStanleyPark/Booking/bookbycourt#?startDate=2025-06-19&endDate=2025-06-26&resource=1&&role=guest","Richmond"
"Tennis BC Hub @ Stanley Park","Stanley Park Court #2","2025-06-29","06:00","06:30","08:00","199.33500083333334","https://clubspark.ca/TBCHubStanleyPark/Booking/bookbycourt#?startDate=2025-06-19&endDate=2025-06-26&resource=1&&role=guest","Richmond"
"Tennis BC Hub @ Stanley Park","Stanley Park Court #2","2025-06-29","09:00","09:00","10:00","201.83500083333334","https://clubspark.ca/TBCHubStanleyPark/Booking/bookbycourt#?startDate=2025-06-19&endDate=2025-06-26&resource=1&&role=guest","Richmond"
"Tennis BC Hub @ Stanley Park","Stanley Park Court #2","2025-06-29","20:00","20:00","21:00","212.83500083333334","https://clubspark.ca/TBCHubStanleyPark/Booking/bookbycourt#?startDate=2025-06-19&endDate=2025-06-26&resource=1&&role=guest","Richmond"
"Tennis BC Hub @ Stanley Park","Stanley Park Court #2","2025-06-30","06:00","06:30","08:00","223.33500083333334","https://clubspark.ca/TBCHubStanleyPark/Booking/bookbycourt#?startDate=2025-06-19&endDate=2025-06-26&resource=1&&role=guest","Richmond"
"Tennis BC Hub @ Stanley Park","Stanley Park Court #2","2025-06-30","09:00","09:00","18:00","225.83500083333334","https://clubspark.ca/TBCHubStanleyPark/Booking/bookbycourt#?startDate=2025-06-19&endDate=2025-06-26&resource=1&&role=guest","Richmond"
"Tennis BC Hub @ Stanley Park","Stanley Park Court #2","2025-06-30","20:00","20:00","21:00","236.83500083333334","https://clubspark.ca/TBCHubStanleyPark/Booking/bookbycourt#?startDate=2025-06-19&endDate=2025-06-26&resource=1&&role=guest","Richmond"
"Tennis BC Hub @ Stanley Park","Stanley Park Court #2","2025-07-01","06:00","06:30","08:00","247.33500083333334","https://clubspark.ca/TBCHubStanleyPark/Booking/bookbycourt#?startDate=2025-06-19&endDate=2025-06-26&resource=1&&role=guest","Richmond"
"Tennis BC Hub @ Stanley Park","Stanley Park Court #2","2025-07-01","09:00","09:00","21:00","249.83500083333334","https://clubspark.ca/TBCHubStanleyPark/Booking/bookbycourt#?startDate=2025-06-19&endDate=2025-06-26&resource=1&&role=guest","Richmond"
"Tennis BC Hub @ Stanley Park","Stanley Park Court #3","2025-06-19","06:00","06:30","08:00","","https://clubspark.ca/TBCHubStanleyPark/Booking/bookbycourt#?startDate=2025-06-19&endDate=2025-06-26&resource=2&&role=guest","Richmond"
"Tennis BC Hub @ Stanley Park","Stanley Park Court #3","2025-06-19","12:00","12:00","14:30","","https://clubspark.ca/TBCHubStanleyPark/Booking/bookbycourt#?startDate=2025-06-19&endDate=2025-06-26&resource=2&&role=guest","Richmond"
"Tennis BC Hub @ Stanley Park","Stanley Park Court #3","2025-06-19","16:00","16:00","16:30","","https://clubspark.ca/TBCHubStanleyPark/Booking/bookbycourt#?startDate=2025-06-19&endDate=2025-06-26&resource=2&&role=guest","Richmond"
"Tennis BC Hub @ Stanley Park","Stanley Park Court #3","2025-06-20","06:00","06:30","07:00","","https://clubspark.ca/TBCHubStanleyPark/Booking/bookbycourt#?startDate=2025-06-19&endDate=2025-06-26&resource=2&&role=guest","Richmond"
"Tennis BC Hub @ Stanley Park","Stanley Park Court #3","2025-06-20","12:00","12:00","15:00","","https://clubspark.ca/TBCHubStanleyPark/Booking/bookbycourt#?startDate=2025-06-19&endDate=2025-06-26&resource=2&&role=guest","Richmond"
"Tennis BC Hub @ Stanley Park","Stanley Park Court #3","2025-06-20","16:00","16:00","16:30","","https://clubspark.ca/TBCHubStanleyPark/Booking/bookbycourt#?startDate=2025-06-19&endDate=2025-06-26&resource=2&&role=guest","Richmond"
"Tennis BC Hub @ Stanley Park","Stanley Park Court #3","2025-06-20","20:00","20:30","21:00","","https://clubspark.ca/TBCHubStanleyPark/Booking/bookbycourt#?startDate=2025-06-19&endDate=2025-06-26&resource=2&&role=guest","Richmond"
"Tennis BC Hub @ Stanley Park","Stanley Park Court #3","2025-06-21","06:00","06:30","08:00","","https://clubspark.ca/TBCHubStanleyPark/Booking/bookbycourt#?startDate=2025-06-19&endDate=2025-06-26&resource=2&&role=guest","Richmond"
"Tennis BC Hub @ Stanley Park","Stanley Park Court #3","2025-06-21","09:00","09:00","10:00","","https://clubspark.ca/TBCHubStanleyPark/Booking/bookbycourt#?startDate=2025-06-19&endDate=2025-06-26&resource=2&&role=guest","Richmond"
"Tennis BC Hub @ Stanley Park","Stanley Park Court #3","2025-06-21","20:00","20:30","21:00","","https://clubspark.ca/TBCHubStanleyPark/Booking/bookbycourt#?startDate=2025-06-19&endDate=2025-06-26&resource=2&&role=guest","Richmond"
"Tennis BC Hub @ Stanley Park","Stanley Park Court #3","2025-06-22","06:00","06:30","08:00","","https://clubspark.ca/TBCHubStanleyPark/Booking/bookbycourt#?startDate=2025-06-19&endDate=2025-06-26&resource=2&&role=guest","Richmond"
"Tennis BC Hub @ Stanley Park","Stanley Park Court #3","2025-06-22","19:00","19:00","21:00","","https://clubspark.ca/TBCHubStanleyPark/Booking/bookbycourt#?startDate=2025-06-19&endDate=2025-06-26&resource=2&&role=guest","Richmond"
"Tennis BC Hub @ Stanley Park","Stanley Park Court #3","2025-06-23","06:00","06:30","07:00","","https://clubspark.ca/TBCHubStanleyPark/Booking/bookbycourt#?startDate=2025-06-19&endDate=2025-06-26&resource=2&&role=guest","Richmond"
"Tennis BC Hub @ Stanley Park","Stanley Park Court #3","2025-06-23","12:00","12:00","13:00","","https://clubspark.ca/TBCHubStanleyPark/Booking/bookbycourt#?startDate=2025-06-19&endDate=2025-06-26&resource=2&&role=guest","Richmond"
"Tennis BC Hub @ Stanley Park","Stanley Park Court #3","2025-06-23","14:00","14:00","16:30","","https://clubspark.ca/TBCHubStanleyPark/Booking/bookbycourt#?startDate=2025-06-19&endDate=2025-06-26&resource=2&&role=guest","Richmond"
"Tennis BC Hub @ Stanley Park","Stanley Park Court #3","2025-06-23","20:00","20:00","21:00","","https://clubspark.ca/TBCHubStanleyPark/Booking/bookbycourt#?startDate=2025-06-19&endDate=2025-06-26&resource=2&&role=guest","Richmond"
"Tennis BC Hub @ Stanley Park","Stanley Park Court #3","2025-06-24","06:00","06:30","08:00","","https://clubspark.ca/TBCHubStanleyPark/Booking/bookbycourt#?startDate=2025-06-19&endDate=2025-06-26&resource=2&&role=guest","Richmond"
"Tennis BC Hub @ Stanley Park","Stanley Park Court #3","2025-06-24","12:00","12:00","14:00","","https://clubspark.ca/TBCHubStanleyPark/Booking/bookbycourt#?startDate=2025-06-19&endDate=2025-06-26&resource=2&&role=guest","Richmond"
"Tennis BC Hub @ Stanley Park","Stanley Park Court #3","2025-06-24","16:00","16:00","16:30","","https://clubspark.ca/TBCHubStanleyPark/Booking/bookbycourt#?startDate=2025-06-19&endDate=2025-06-26&resource=2&&role=guest","Richmond"
"Tennis BC Hub @ Stanley Park","Stanley Park Court #3","2025-06-25","06:00","06:30","08:00","","https://clubspark.ca/TBCHubStanleyPark/Booking/bookbycourt#?startDate=2025-06-19&endDate=2025-06-26&resource=2&&role=guest","Richmond"
"Tennis BC Hub @ Stanley Park","Stanley Park Court #3","2025-06-25","12:00","12:00","13:00","","https://clubspark.ca/TBCHubStanleyPark/Booking/bookbycourt#?startDate=2025-06-19&endDate=2025-06-26&resource=2&&role=guest","Richmond"
"Tennis BC Hub @ Stanley Park","Stanley Park Court #3","2025-06-25","14:00","14:00","15:30","","https://clubspark.ca/TBCHubStanleyPark/Booking/bookbycourt#?startDate=2025-06-19&endDate=2025-06-26&resource=2&&role=guest","Richmond"
"Tennis BC Hub @ Stanley Park","Stanley Park Court #3","2025-06-26","06:00","06:30","08:00","","https://clubspark.ca/TBCHubStanleyPark/Booking/bookbycourt#?startDate=2025-06-19&endDate=2025-06-26&resource=2&&role=guest","Richmond"
"Tennis BC Hub @ Stanley Park","Stanley Park Court #3","2025-06-26","12:00","12:00","16:30","","https://clubspark.ca/TBCHubStanleyPark/Booking/bookbycourt#?startDate=2025-06-19&endDate=2025-06-26&resource=2&&role=guest","Richmond"
"Tennis BC Hub @ Stanley Park","Stanley Park Court #3","2025-06-27","06:00","06:30","08:00","","https://clubspark.ca/TBCHubStanleyPark/Booking/bookbycourt#?startDate=2025-06-19&endDate=2025-06-26&resource=2&&role=guest","Richmond"
"Tennis BC Hub @ Stanley Park","Stanley Park Court #3","2025-06-27","12:00","12:00","16:30","","https://clubspark.ca/TBCHubStanleyPark/Booking/bookbycourt#?startDate=2025-06-19&endDate=2025-06-26&resource=2&&role=guest","Richmond"
"Tennis BC Hub @ Stanley Park","Stanley Park Court #3","2025-06-27","20:00","20:00","21:00","","https://clubspark.ca/TBCHubStanleyPark/Booking/bookbycourt#?startDate=2025-06-19&endDate=2025-06-26&resource=2&&role=guest","Richmond"
"Tennis BC Hub @ Stanley Park","Stanley Park Court #3","2025-06-28","06:00","06:30","08:00","175.33500083333334","https://clubspark.ca/TBCHubStanleyPark/Booking/bookbycourt#?startDate=2025-06-19&endDate=2025-06-26&resource=2&&role=guest","Richmond"
"Tennis BC Hub @ Stanley Park","Stanley Park Court #3","2025-06-28","17:00","17:00","19:00","185.83500083333334","https://clubspark.ca/TBCHubStanleyPark/Booking/bookbycourt#?startDate=2025-06-19&endDate=2025-06-26&resource=2&&role=guest","Richmond"
"Tennis BC Hub @ Stanley Park","Stanley Park Court #3","2025-06-29","06:00","06:30","08:00","199.33500083333334","https://clubspark.ca/TBCHubStanleyPark/Booking/bookbycourt#?startDate=2025-06-19&endDate=2025-06-26&resource=2&&role=guest","Richmond"
"Tennis BC Hub @ Stanley Park","Stanley Park Court #3","2025-06-29","09:00","09:00","10:00","201.83500083333334","https://clubspark.ca/TBCHubStanleyPark/Booking/bookbycourt#?startDate=2025-06-19&endDate=2025-06-26&resource=2&&role=guest","Richmond"
"Tennis BC Hub @ Stanley Park","Stanley Park Court #3","2025-06-29","20:00","20:00","21:00","212.83500083333334","https://clubspark.ca/TBCHubStanleyPark/Booking/bookbycourt#?startDate=2025-06-19&endDate=2025-06-26&resource=2&&role=guest","Richmond"
"Tennis BC Hub @ Stanley Park","Stanley Park Court #3","2025-06-30","06:00","06:30","08:00","223.33500083333334","https://clubspark.ca/TBCHubStanleyPark/Booking/bookbycourt#?startDate=2025-06-19&endDate=2025-06-26&resource=2&&role=guest","Richmond"
"Tennis BC Hub @ Stanley Park","Stanley Park Court #3","2025-06-30","09:00","09:00","18:00","225.83500083333334","https://clubspark.ca/TBCHubStanleyPark/Booking/bookbycourt#?startDate=2025-06-19&endDate=2025-06-26&resource=2&&role=guest","Richmond"
"Tennis BC Hub @ Stanley Park","Stanley Park Court #3","2025-06-30","20:00","20:00","21:00","236.83500083333334","https://clubspark.ca/TBCHubStanleyPark/Booking/bookbycourt#?startDate=2025-06-19&endDate=2025-06-26&resource=2&&role=guest","Richmond"
"Tennis BC Hub @ Stanley Park","Stanley Park Court #3","2025-07-01","06:00","06:30","08:00","247.33500083333334","https://clubspark.ca/TBCHubStanleyPark/Booking/bookbycourt#?startDate=2025-06-19&endDate=2025-06-26&resource=2&&role=guest","Richmond"
"Tennis BC Hub @ Stanley Park","Stanley Park Court #3","2025-07-01","09:00","09:00","21:00","249.83500083333334","https://clubspark.ca/TBCHubStanleyPark/Booking/bookbycourt#?startDate=2025-06-19&endDate=2025-06-26&resource=2&&role=guest","Richmond"
"Tennis BC Hub @ Stanley Park","Stanley Park Court #4","2025-06-19","06:00","06:30","08:00","","https://clubspark.ca/TBCHubStanleyPark/Booking/bookbycourt#?startDate=2025-06-19&endDate=2025-06-26&resource=3&&role=guest","Richmond"
"Tennis BC Hub @ Stanley Park","Stanley Park Court #4","2025-06-19","09:00","09:00","10:30","","https://clubspark.ca/TBCHubStanleyPark/Booking/bookbycourt#?startDate=2025-06-19&endDate=2025-06-26&resource=3&&role=guest","Richmond"
"Tennis BC Hub @ Stanley Park","Stanley Park Court #4","2025-06-19","12:00","12:30","14:00","","https://clubspark.ca/TBCHubStanleyPark/Booking/bookbycourt#?startDate=2025-06-19&endDate=2025-06-26&resource=3&&role=guest","Richmond"
"Tennis BC Hub @ Stanley Park","Stanley Park Court #4","2025-06-19","16:00","16:00","16:30","","https://clubspark.ca/TBCHubStanleyPark/Booking/bookbycourt#?startDate=2025-06-19&endDate=2025-06-26&resource=3&&role=guest","Richmond"
"Tennis BC Hub @ Stanley Park","Stanley Park Court #4","2025-06-20","06:00","06:30","08:00","","https://clubspark.ca/TBCHubStanleyPark/Booking/bookbycourt#?startDate=2025-06-19&endDate=2025-06-26&resource=3&&role=guest","Richmond"
"Tennis BC Hub @ Stanley Park","Stanley Park Court #4","2025-06-20","09:00","09:00","16:30","","https://clubspark.ca/TBCHubStanleyPark/Booking/bookbycourt#?startDate=2025-06-19&endDate=2025-06-26&resource=3&&role=guest","Richmond"
"Tennis BC Hub @ Stanley Park","Stanley Park Court #4","2025-06-20","20:00","20:00","21:00","","https://clubspark.ca/TBCHubStanleyPark/Booking/bookbycourt#?startDate=2025-06-19&endDate=2025-06-26&resource=3&&role=guest","Richmond"
"Tennis BC Hub @ Stanley Park","Stanley Park Court #4","2025-06-21","06:00","06:30","08:00","","https://clubspark.ca/TBCHubStanleyPark/Booking/bookbycourt#?startDate=2025-06-19&endDate=2025-06-26&resource=3&&role=guest","Richmond"
"Tennis BC Hub @ Stanley Park","Stanley Park Court #4","2025-06-21","09:00","09:00","11:00","","https://clubspark.ca/TBCHubStanleyPark/Booking/bookbycourt#?startDate=2025-06-19&endDate=2025-06-26&resource=3&&role=guest","Richmond"
"Tennis BC Hub @ Stanley Park","Stanley Park Court #4","2025-06-21","19:00","19:00","21:00","","https://clubspark.ca/TBCHubStanleyPark/Booking/bookbycourt#?startDate=2025-06-19&endDate=2025-06-26&resource=3&&role=guest","Richmond"
"Tennis BC Hub @ Stanley Park","Stanley Park Court #4","2025-06-22","06:00","06:30","08:00","","https://clubspark.ca/TBCHubStanleyPark/Booking/bookbycourt#?startDate=2025-06-19&endDate=2025-06-26&resource=3&&role=guest","Richmond"
"Tennis BC Hub @ Stanley Park","Stanley Park Court #4","2025-06-22","09:00","09:00","10:00","","https://clubspark.ca/TBCHubStanleyPark/Booking/bookbycourt#?startDate=2025-06-19&endDate=2025-06-26&resource=3&&role=guest","Richmond"
"Tennis BC Hub @ Stanley Park","Stanley Park Court #4","2025-06-22","16:00","16:00","17:00","","https://clubspark.ca/TBCHubStanleyPark/Booking/bookbycourt#?startDate=2025-06-19&endDate=2025-06-26&resource=3&&role=guest","Richmond"
"Tennis BC Hub @ Stanley Park","Stanley Park Court #4","2025-06-22","18:00","18:00","21:00","","https://clubspark.ca/TBCHubStanleyPark/Booking/bookbycourt#?startDate=2025-06-19&endDate=2025-06-26&resource=3&&role=guest","Richmond"
"Tennis BC Hub @ Stanley Park","Stanley Park Court #4","2025-06-23","06:00","06:30","08:00","","https://clubspark.ca/TBCHubStanleyPark/Booking/bookbycourt#?startDate=2025-06-19&endDate=2025-06-26&resource=3&&role=guest","Richmond"
"Tennis BC Hub @ Stanley Park","Stanley Park Court #4","2025-06-23","09:00","09:00","16:00","","https://clubspark.ca/TBCHubStanleyPark/Booking/bookbycourt#?startDate=2025-06-19&endDate=2025-06-26&resource=3&&role=guest","Richmond"
"Tennis BC Hub @ Stanley Park","Stanley Park Court #4","2025-06-23","20:00","20:00","21:00","","https://clubspark.ca/TBCHubStanleyPark/Booking/bookbycourt#?startDate=2025-06-19&endDate=2025-06-26&resource=3&&role=guest","Richmond"
"Tennis BC Hub @ Stanley Park","Stanley Park Court #4","2025-06-24","06:00","06:30","08:00","","https://clubspark.ca/TBCHubStanleyPark/Booking/bookbycourt#?startDate=2025-06-19&endDate=2025-06-26&resource=3&&role=guest","Richmond"
"Tennis BC Hub @ Stanley Park","Stanley Park Court #4","2025-06-24","09:00","09:00","10:30","","https://clubspark.ca/TBCHubStanleyPark/Booking/bookbycourt#?startDate=2025-06-19&endDate=2025-06-26&resource=3&&role=guest","Richmond"
"Tennis BC Hub @ Stanley Park","Stanley Park Court #4","2025-06-24","12:00","12:30","17:00","","https://clubspark.ca/TBCHubStanleyPark/Booking/bookbycourt#?startDate=2025-06-19&endDate=2025-06-26&resource=3&&role=guest","Richmond"
"Tennis BC Hub @ Stanley Park","Stanley Park Court #4","2025-06-25","06:00","06:30","08:00","","https://clubspark.ca/TBCHubStanleyPark/Booking/bookbycourt#?startDate=2025-06-19&endDate=2025-06-26&resource=3&&role=guest","Richmond"
"Tennis BC Hub @ Stanley Park","Stanley Park Court #4","2025-06-25","09:00","09:00","17:00","","https://clubspark.ca/TBCHubStanleyPark/Booking/bookbycourt#?startDate=2025-06-19&endDate=2025-06-26&resource=3&&role=guest","Richmond"
"Tennis BC Hub @ Stanley Park","Stanley Park Court #4","2025-06-26","06:00","06:30","08:00","","https://clubspark.ca/TBCHubStanleyPark/Booking/bookbycourt#?startDate=2025-06-19&endDate=2025-06-26&resource=3&&role=guest","Richmond"
"Tennis BC Hub @ Stanley Park","Stanley Park Court #4","2025-06-26","12:00","12:30","15:00","","https://clubspark.ca/TBCHubStanleyPark/Booking/bookbycourt#?startDate=2025-06-19&endDate=2025-06-26&resource=3&&role=guest","Richmond"
"Tennis BC Hub @ Stanley Park","Stanley Park Court #4","2025-06-26","18:00","18:30","19:00","","https://clubspark.ca/TBCHubStanleyPark/Booking/bookbycourt#?startDate=2025-06-19&endDate=2025-06-26&resource=3&&role=guest","Richmond"
"Tennis BC Hub @ Stanley Park","Stanley Park Court #4","2025-06-27","06:00","06:30","08:00","","https://clubspark.ca/TBCHubStanleyPark/Booking/bookbycourt#?startDate=2025-06-19&endDate=2025-06-26&resource=3&&role=guest","Richmond"
"Tennis BC Hub @ Stanley Park","Stanley Park Court #4","2025-06-27","09:00","09:00","10:00","","https://clubspark.ca/TBCHubStanleyPark/Booking/bookbycourt#?startDate=2025-06-19&endDate=2025-06-26&resource=3&&role=guest","Richmond"
"Tennis BC Hub @ Stanley Park","Stanley Park Court #4","2025-06-27","11:00","11:00","18:00","","https://clubspark.ca/TBCHubStanleyPark/Booking/bookbycourt#?startDate=2025-06-19&endDate=2025-06-26&resource=3&&role=guest","Richmond"
"Tennis BC Hub @ Stanley Park","Stanley Park Court #4","2025-06-27","20:00","20:00","21:00","","https://clubspark.ca/TBCHubStanleyPark/Booking/bookbycourt#?startDate=2025-06-19&endDate=2025-06-26&resource=3&&role=guest","Richmond"
"Tennis BC Hub @ Stanley Park","Stanley Park Court #4","2025-06-28","06:00","06:30","08:00","175.33500083333334","https://clubspark.ca/TBCHubStanleyPark/Booking/bookbycourt#?startDate=2025-06-19&endDate=2025-06-26&resource=3&&role=guest","Richmond"
"Tennis BC Hub @ Stanley Park","Stanley Park Court #4","2025-06-28","09:00","09:00","11:00","177.83500083333334","https://clubspark.ca/TBCHubStanleyPark/Booking/bookbycourt#?startDate=2025-06-19&endDate=2025-06-26&resource=3&&role=guest","Richmond"
"Tennis BC Hub @ Stanley Park","Stanley Park Court #4","2025-06-28","13:00","13:00","15:00","181.83500083333334","https://clubspark.ca/TBCHubStanleyPark/Booking/bookbycourt#?startDate=2025-06-19&endDate=2025-06-26&resource=3&&role=guest","Richmond"
"Tennis BC Hub @ Stanley Park","Stanley Park Court #4","2025-06-29","06:00","06:30","08:00","199.33500083333334","https://clubspark.ca/TBCHubStanleyPark/Booking/bookbycourt#?startDate=2025-06-19&endDate=2025-06-26&resource=3&&role=guest","Richmond"
"Tennis BC Hub @ Stanley Park","Stanley Park Court #4","2025-06-29","09:00","09:00","10:00","201.83500083333334","https://clubspark.ca/TBCHubStanleyPark/Booking/bookbycourt#?startDate=2025-06-19&endDate=2025-06-26&resource=3&&role=guest","Richmond"
"Tennis BC Hub @ Stanley Park","Stanley Park Court #4","2025-06-29","20:00","20:00","21:00","212.83500083333334","https://clubspark.ca/TBCHubStanleyPark/Booking/bookbycourt#?startDate=2025-06-19&endDate=2025-06-26&resource=3&&role=guest","Richmond"
"Tennis BC Hub @ Stanley Park","Stanley Park Court #4","2025-06-30","06:00","06:30","08:00","223.33500083333334","https://clubspark.ca/TBCHubStanleyPark/Booking/bookbycourt#?startDate=2025-06-19&endDate=2025-06-26&resource=3&&role=guest","Richmond"
"Tennis BC Hub @ Stanley Park","Stanley Park Court #4","2025-06-30","09:00","09:00","18:00","225.83500083333334","https://clubspark.ca/TBCHubStanleyPark/Booking/bookbycourt#?startDate=2025-06-19&endDate=2025-06-26&resource=3&&role=guest","Richmond"
"Tennis BC Hub @ Stanley Park","Stanley Park Court #4","2025-06-30","20:00","20:00","21:00","236.83500083333334","https://clubspark.ca/TBCHubStanleyPark/Booking/bookbycourt#?startDate=2025-06-19&endDate=2025-06-26&resource=3&&role=guest","Richmond"
"Tennis BC Hub @ Stanley Park","Stanley Park Court #4","2025-07-01","06:00","06:30","08:00","247.33500083333334","https://clubspark.ca/TBCHubStanleyPark/Booking/bookbycourt#?startDate=2025-06-19&endDate=2025-06-26&resource=3&&role=guest","Richmond"
"Tennis BC Hub @ Stanley Park","Stanley Park Court #4","2025-07-01","09:00","09:00","21:00","249.83500083333334","https://clubspark.ca/TBCHubStanleyPark/Booking/bookbycourt#?startDate=2025-06-19&endDate=2025-06-26&resource=3&&role=guest","Richmond"
"Tennis BC Hub @ Stanley Park","Stanley Park Court #5","2025-06-19","06:00","06:30","08:00","","https://clubspark.ca/TBCHubStanleyPark/Booking/bookbycourt#?startDate=2025-06-19&endDate=2025-06-26&resource=4&&role=guest","Richmond"
"Tennis BC Hub @ Stanley Park","Stanley Park Court #5","2025-06-19","14:00","14:30","15:00","","https://clubspark.ca/TBCHubStanleyPark/Booking/bookbycourt#?startDate=2025-06-19&endDate=2025-06-26&resource=4&&role=guest","Richmond"
"Tennis BC Hub @ Stanley Park","Stanley Park Court #5","2025-06-20","09:00","09:00","16:00","","https://clubspark.ca/TBCHubStanleyPark/Booking/bookbycourt#?startDate=2025-06-19&endDate=2025-06-26&resource=4&&role=guest","Richmond"
"Tennis BC Hub @ Stanley Park","Stanley Park Court #5","2025-06-20","20:00","20:00","21:00","","https://clubspark.ca/TBCHubStanleyPark/Booking/bookbycourt#?startDate=2025-06-19&endDate=2025-06-26&resource=4&&role=guest","Richmond"
"Tennis BC Hub @ Stanley Park","Stanley Park Court #5","2025-06-21","06:00","06:30","08:00","","https://clubspark.ca/TBCHubStanleyPark/Booking/bookbycourt#?startDate=2025-06-19&endDate=2025-06-26&resource=4&&role=guest","Richmond"
"Tennis BC Hub @ Stanley Park","Stanley Park Court #5","2025-06-21","19:00","19:00","21:00","","https://clubspark.ca/TBCHubStanleyPark/Booking/bookbycourt#?startDate=2025-06-19&endDate=2025-06-26&resource=4&&role=guest","Richmond"
"Tennis BC Hub @ Stanley Park","Stanley Park Court #5","2025-06-22","06:00","06:30","08:00","","https://clubspark.ca/TBCHubStanleyPark/Booking/bookbycourt#?startDate=2025-06-19&endDate=2025-06-26&resource=4&&role=guest","Richmond"
"Tennis BC Hub @ Stanley Park","Stanley Park Court #5","2025-06-22","09:00","09:00","10:00","","https://clubspark.ca/TBCHubStanleyPark/Booking/bookbycourt#?startDate=2025-06-19&endDate=2025-06-26&resource=4&&role=guest","Richmond"
"Tennis BC Hub @ Stanley Park","Stanley Park Court #5","2025-06-22","18:00","18:00","21:00","","https://clubspark.ca/TBCHubStanleyPark/Booking/bookbycourt#?startDate=2025-06-19&endDate=2025-06-26&resource=4&&role=guest","Richmond"
"Tennis BC Hub @ Stanley Park","Stanley Park Court #5","2025-06-23","06:00","06:30","08:00","","https://clubspark.ca/TBCHubStanleyPark/Booking/bookbycourt#?startDate=2025-06-19&endDate=2025-06-26&resource=4&&role=guest","Richmond"
"Tennis BC Hub @ Stanley Park","Stanley Park Court #5","2025-06-23","09:00","09:00","16:00","","https://clubspark.ca/TBCHubStanleyPark/Booking/bookbycourt#?startDate=2025-06-19&endDate=2025-06-26&resource=4&&role=guest","Richmond"
"Tennis BC Hub @ Stanley Park","Stanley Park Court #5","2025-06-23","20:00","20:00","21:00","","https://clubspark.ca/TBCHubStanleyPark/Booking/bookbycourt#?startDate=2025-06-19&endDate=2025-06-26&resource=4&&role=guest","Richmond"
"Tennis BC Hub @ Stanley Park","Stanley Park Court #5","2025-06-24","06:00","06:30","08:00","","https://clubspark.ca/TBCHubStanleyPark/Booking/bookbycourt#?startDate=2025-06-19&endDate=2025-06-26&resource=4&&role=guest","Richmond"
"Tennis BC Hub @ Stanley Park","Stanley Park Court #5","2025-06-24","09:00","09:00","10:30","","https://clubspark.ca/TBCHubStanleyPark/Booking/bookbycourt#?startDate=2025-06-19&endDate=2025-06-26&resource=4&&role=guest","Richmond"
"Tennis BC Hub @ Stanley Park","Stanley Park Court #5","2025-06-24","12:00","12:30","16:30","","https://clubspark.ca/TBCHubStanleyPark/Booking/bookbycourt#?startDate=2025-06-19&endDate=2025-06-26&resource=4&&role=guest","Richmond"
"Tennis BC Hub @ Stanley Park","Stanley Park Court #5","2025-06-25","06:00","06:30","08:00","","https://clubspark.ca/TBCHubStanleyPark/Booking/bookbycourt#?startDate=2025-06-19&endDate=2025-06-26&resource=4&&role=guest","Richmond"
"Tennis BC Hub @ Stanley Park","Stanley Park Court #5","2025-06-25","09:00","09:00","17:30","","https://clubspark.ca/TBCHubStanleyPark/Booking/bookbycourt#?startDate=2025-06-19&endDate=2025-06-26&resource=4&&role=guest","Richmond"
"Tennis BC Hub @ Stanley Park","Stanley Park Court #5","2025-06-26","06:00","06:30","08:00","","https://clubspark.ca/TBCHubStanleyPark/Booking/bookbycourt#?startDate=2025-06-19&endDate=2025-06-26&resource=4&&role=guest","Richmond"
"Tennis BC Hub @ Stanley Park","Stanley Park Court #5","2025-06-26","09:00","09:00","10:30","","https://clubspark.ca/TBCHubStanleyPark/Booking/bookbycourt#?startDate=2025-06-19&endDate=2025-06-26&resource=4&&role=guest","Richmond"
"Tennis BC Hub @ Stanley Park","Stanley Park Court #5","2025-06-26","12:00","12:30","15:00","","https://clubspark.ca/TBCHubStanleyPark/Booking/bookbycourt#?startDate=2025-06-19&endDate=2025-06-26&resource=4&&role=guest","Richmond"
"Tennis BC Hub @ Stanley Park","Stanley Park Court #5","2025-06-26","17:00","17:00","18:00","","https://clubspark.ca/TBCHubStanleyPark/Booking/bookbycourt#?startDate=2025-06-19&endDate=2025-06-26&resource=4&&role=guest","Richmond"
"Tennis BC Hub @ Stanley Park","Stanley Park Court #5","2025-06-27","06:00","06:30","08:00","","https://clubspark.ca/TBCHubStanleyPark/Booking/bookbycourt#?startDate=2025-06-19&endDate=2025-06-26&resource=4&&role=guest","Richmond"
"Tennis BC Hub @ Stanley Park","Stanley Park Court #5","2025-06-27","09:00","09:00","18:00","","https://clubspark.ca/TBCHubStanleyPark/Booking/bookbycourt#?startDate=2025-06-19&endDate=2025-06-26&resource=4&&role=guest","Richmond"
"Tennis BC Hub @ Stanley Park","Stanley Park Court #5","2025-06-27","20:00","20:00","21:00","","https://clubspark.ca/TBCHubStanleyPark/Booking/bookbycourt#?startDate=2025-06-19&endDate=2025-06-26&resource=4&&role=guest","Richmond"
"Tennis BC Hub @ Stanley Park","Stanley Park Court #5","2025-06-28","06:00","06:30","08:00","175.33500083333334","https://clubspark.ca/TBCHubStanleyPark/Booking/bookbycourt#?startDate=2025-06-19&endDate=2025-06-26&resource=4&&role=guest","Richmond"
"Tennis BC Hub @ Stanley Park","Stanley Park Court #5","2025-06-28","13:00","13:30","15:00","182.33500083333334","https://clubspark.ca/TBCHubStanleyPark/Booking/bookbycourt#?startDate=2025-06-19&endDate=2025-06-26&resource=4&&role=guest","Richmond"
"Tennis BC Hub @ Stanley Park","Stanley Park Court #5","2025-06-28","19:00","19:00","21:00","187.83500083333334","https://clubspark.ca/TBCHubStanleyPark/Booking/bookbycourt#?startDate=2025-06-19&endDate=2025-06-26&resource=4&&role=guest","Richmond"
"Tennis BC Hub @ Stanley Park","Stanley Park Court #5","2025-06-29","06:00","06:30","08:00","199.33500083333334","https://clubspark.ca/TBCHubStanleyPark/Booking/bookbycourt#?startDate=2025-06-19&endDate=2025-06-26&resource=4&&role=guest","Richmond"
"Tennis BC Hub @ Stanley Park","Stanley Park Court #5","2025-06-29","09:00","09:00","10:00","201.83500083333334","https://clubspark.ca/TBCHubStanleyPark/Booking/bookbycourt#?startDate=2025-06-19&endDate=2025-06-26&resource=4&&role=guest","Richmond"
"Tennis BC Hub @ Stanley Park","Stanley Park Court #5","2025-06-29","18:00","18:00","21:00","210.83500083333334","https://clubspark.ca/TBCHubStanleyPark/Booking/bookbycourt#?startDate=2025-06-19&endDate=2025-06-26&resource=4&&role=guest","Richmond"
"Tennis BC Hub @ Stanley Park","Stanley Park Court #5","2025-06-30","06:00","06:30","08:00","223.33500083333334","https://clubspark.ca/TBCHubStanleyPark/Booking/bookbycourt#?startDate=2025-06-19&endDate=2025-06-26&resource=4&&role=guest","Richmond"
"Tennis BC Hub @ Stanley Park","Stanley Park Court #5","2025-06-30","09:00","09:00","18:00","225.83500083333334","https://clubspark.ca/TBCHubStanleyPark/Booking/bookbycourt#?startDate=2025-06-19&endDate=2025-06-26&resource=4&&role=guest","Richmond"
"Tennis BC Hub @ Stanley Park","Stanley Park Court #5","2025-06-30","20:00","20:00","21:00","236.83500083333334","https://clubspark.ca/TBCHubStanleyPark/Booking/bookbycourt#?startDate=2025-06-19&endDate=2025-06-26&resource=4&&role=guest","Richmond"
"Tennis BC Hub @ Stanley Park","Stanley Park Court #5","2025-07-01","06:00","06:30","08:00","247.33500083333334","https://clubspark.ca/TBCHubStanleyPark/Booking/bookbycourt#?startDate=2025-06-19&endDate=2025-06-26&resource=4&&role=guest","Richmond"
"Tennis BC Hub @ Stanley Park","Stanley Park Court #5","2025-07-01","09:00","09:00","21:00","249.83500083333334","https://clubspark.ca/TBCHubStanleyPark/Booking/bookbycourt#?startDate=2025-06-19&endDate=2025-06-26&resource=4&&role=guest","Richmond"
"Tennis BC Hub @ Stanley Park","Stanley Park Court #6","2025-06-19","06:00","06:30","08:00","","https://clubspark.ca/TBCHubStanleyPark/Booking/bookbycourt#?startDate=2025-06-19&endDate=2025-06-26&resource=5&&role=guest","Richmond"
"Tennis BC Hub @ Stanley Park","Stanley Park Court #6","2025-06-19","09:00","09:30","10:30","","https://clubspark.ca/TBCHubStanleyPark/Booking/bookbycourt#?startDate=2025-06-19&endDate=2025-06-26&resource=5&&role=guest","Richmond"
"Tennis BC Hub @ Stanley Park","Stanley Park Court #6","2025-06-19","12:00","12:30","14:00","","https://clubspark.ca/TBCHubStanleyPark/Booking/bookbycourt#?startDate=2025-06-19&endDate=2025-06-26&resource=5&&role=guest","Richmond"
"Tennis BC Hub @ Stanley Park","Stanley Park Court #6","2025-06-20","06:00","06:30","08:00","","https://clubspark.ca/TBCHubStanleyPark/Booking/bookbycourt#?startDate=2025-06-19&endDate=2025-06-26&resource=5&&role=guest","Richmond"
"Tennis BC Hub @ Stanley Park","Stanley Park Court #6","2025-06-20","09:00","09:00","14:00","","https://clubspark.ca/TBCHubStanleyPark/Booking/bookbycourt#?startDate=2025-06-19&endDate=2025-06-26&resource=5&&role=guest","Richmond"
"Tennis BC Hub @ Stanley Park","Stanley Park Court #6","2025-06-20","17:00","17:00","18:00","","https://clubspark.ca/TBCHubStanleyPark/Booking/bookbycourt#?startDate=2025-06-19&endDate=2025-06-26&resource=5&&role=guest","Richmond"
"Tennis BC Hub @ Stanley Park","Stanley Park Court #6","2025-06-20","20:00","20:00","21:00","","https://clubspark.ca/TBCHubStanleyPark/Booking/bookbycourt#?startDate=2025-06-19&endDate=2025-06-26&resource=5&&role=guest","Richmond"
"Tennis BC Hub @ Stanley Park","Stanley Park Court #6","2025-06-21","06:00","06:30","08:00","","https://clubspark.ca/TBCHubStanleyPark/Booking/bookbycourt#?startDate=2025-06-19&endDate=2025-06-26&resource=5&&role=guest","Richmond"
"Tennis BC Hub @ Stanley Park","Stanley Park Court #6","2025-06-22","06:00","06:30","08:00","","https://clubspark.ca/TBCHubStanleyPark/Booking/bookbycourt#?startDate=2025-06-19&endDate=2025-06-26&resource=5&&role=guest","Richmond"
"Tennis BC Hub @ Stanley Park","Stanley Park Court #6","2025-06-22","12:00","12:00","12:30","","https://clubspark.ca/TBCHubStanleyPark/Booking/bookbycourt#?startDate=2025-06-19&endDate=2025-06-26&resource=5&&role=guest","Richmond"
"Tennis BC Hub @ Stanley Park","Stanley Park Court #6","2025-06-22","16:00","16:30","17:00","","https://clubspark.ca/TBCHubStanleyPark/Booking/bookbycourt#?startDate=2025-06-19&endDate=2025-06-26&resource=5&&role=guest","Richmond"
"Tennis BC Hub @ Stanley Park","Stanley Park Court #6","2025-06-22","19:00","19:00","21:00","","https://clubspark.ca/TBCHubStanleyPark/Booking/bookbycourt#?startDate=2025-06-19&endDate=2025-06-26&resource=5&&role=guest","Richmond"
"Tennis BC Hub @ Stanley Park","Stanley Park Court #6","2025-06-23","06:00","06:30","08:00","","https://clubspark.ca/TBCHubStanleyPark/Booking/bookbycourt#?startDate=2025-06-19&endDate=2025-06-26&resource=5&&role=guest","Richmond"
"Tennis BC Hub @ Stanley Park","Stanley Park Court #6","2025-06-23","09:00","09:00","09:30","","https://clubspark.ca/TBCHubStanleyPark/Booking/bookbycourt#?startDate=2025-06-19&endDate=2025-06-26&resource=5&&role=guest","Richmond"
"Tennis BC Hub @ Stanley Park","Stanley Park Court #6","2025-06-23","11:00","11:30","16:00","","https://clubspark.ca/TBCHubStanleyPark/Booking/bookbycourt#?startDate=2025-06-19&endDate=2025-06-26&resource=5&&role=guest","Richmond"
"Tennis BC Hub @ Stanley Park","Stanley Park Court #6","2025-06-23","20:00","20:00","21:00","","https://clubspark.ca/TBCHubStanleyPark/Booking/bookbycourt#?startDate=2025-06-19&endDate=2025-06-26&resource=5&&role=guest","Richmond"
"Tennis BC Hub @ Stanley Park","Stanley Park Court #6","2025-06-24","06:00","06:30","08:00","","https://clubspark.ca/TBCHubStanleyPark/Booking/bookbycourt#?startDate=2025-06-19&endDate=2025-06-26&resource=5&&role=guest","Richmond"
"Tennis BC Hub @ Stanley Park","Stanley Park Court #6","2025-06-24","09:00","09:00","10:30","","https://clubspark.ca/TBCHubStanleyPark/Booking/bookbycourt#?startDate=2025-06-19&endDate=2025-06-26&resource=5&&role=guest","Richmond"
"Tennis BC Hub @ Stanley Park","Stanley Park Court #6","2025-06-24","12:00","12:30","16:00","","https://clubspark.ca/TBCHubStanleyPark/Booking/bookbycourt#?startDate=2025-06-19&endDate=2025-06-26&resource=5&&role=guest","Richmond"
"Tennis BC Hub @ Stanley Park","Stanley Park Court #6","2025-06-25","06:00","06:30","08:00","","https://clubspark.ca/TBCHubStanleyPark/Booking/bookbycourt#?startDate=2025-06-19&endDate=2025-06-26&resource=5&&role=guest","Richmond"
"Tennis BC Hub @ Stanley Park","Stanley Park Court #6","2025-06-25","09:00","09:00","17:00","","https://clubspark.ca/TBCHubStanleyPark/Booking/bookbycourt#?startDate=2025-06-19&endDate=2025-06-26&resource=5&&role=guest","Richmond"
"Tennis BC Hub @ Stanley Park","Stanley Park Court #6","2025-06-26","06:00","06:30","08:00","","https://clubspark.ca/TBCHubStanleyPark/Booking/bookbycourt#?startDate=2025-06-19&endDate=2025-06-26&resource=5&&role=guest","Richmond"
"Tennis BC Hub @ Stanley Park","Stanley Park Court #6","2025-06-26","10:00","10:00","10:30","","https://clubspark.ca/TBCHubStanleyPark/Booking/bookbycourt#?startDate=2025-06-19&endDate=2025-06-26&resource=5&&role=guest","Richmond"
"Tennis BC Hub @ Stanley Park","Stanley Park Court #6","2025-06-26","12:00","12:30","15:00","","https://clubspark.ca/TBCHubStanleyPark/Booking/bookbycourt#?startDate=2025-06-19&endDate=2025-06-26&resource=5&&role=guest","Richmond"
"Tennis BC Hub @ Stanley Park","Stanley Park Court #6","2025-06-26","17:00","17:00","18:00","","https://clubspark.ca/TBCHubStanleyPark/Booking/bookbycourt#?startDate=2025-06-19&endDate=2025-06-26&resource=5&&role=guest","Richmond"
"Tennis BC Hub @ Stanley Park","Stanley Park Court #6","2025-06-27","06:00","06:30","08:00","","https://clubspark.ca/TBCHubStanleyPark/Booking/bookbycourt#?startDate=2025-06-19&endDate=2025-06-26&resource=5&&role=guest","Richmond"
"Tennis BC Hub @ Stanley Park","Stanley Park Court #6","2025-06-27","09:00","09:00","18:00","","https://clubspark.ca/TBCHubStanleyPark/Booking/bookbycourt#?startDate=2025-06-19&endDate=2025-06-26&resource=5&&role=guest","Richmond"
"Tennis BC Hub @ Stanley Park","Stanley Park Court #6","2025-06-27","20:00","20:00","21:00","","https://clubspark.ca/TBCHubStanleyPark/Booking/bookbycourt#?startDate=2025-06-19&endDate=2025-06-26&resource=5&&role=guest","Richmond"
"Tennis BC Hub @ Stanley Park","Stanley Park Court #6","2025-06-28","06:00","06:30","08:00","175.33500055555555","https://clubspark.ca/TBCHubStanleyPark/Booking/bookbycourt#?startDate=2025-06-19&endDate=2025-06-26&resource=5&&role=guest","Richmond"
"Tennis BC Hub @ Stanley Park","Stanley Park Court #6","2025-06-28","13:00","13:30","15:00","182.33500055555555","https://clubspark.ca/TBCHubStanleyPark/Booking/bookbycourt#?startDate=2025-06-19&endDate=2025-06-26&resource=5&&role=guest","Richmond"
"Tennis BC Hub @ Stanley Park","Stanley Park Court #6","2025-06-28","17:00","17:00","21:00","185.83500055555555","https://clubspark.ca/TBCHubStanleyPark/Booking/bookbycourt#?startDate=2025-06-19&endDate=2025-06-26&resource=5&&role=guest","Richmond"
"Tennis BC Hub @ Stanley Park","Stanley Park Court #6","2025-06-29","06:00","06:30","08:00","199.33500055555555","https://clubspark.ca/TBCHubStanleyPark/Booking/bookbycourt#?startDate=2025-06-19&endDate=2025-06-26&resource=5&&role=guest","Richmond"
"Tennis BC Hub @ Stanley Park","Stanley Park Court #6","2025-06-29","09:00","09:00","10:00","201.83500055555555","https://clubspark.ca/TBCHubStanleyPark/Booking/bookbycourt#?startDate=2025-06-19&endDate=2025-06-26&resource=5&&role=guest","Richmond"
"Tennis BC Hub @ Stanley Park","Stanley Park Court #6","2025-06-29","18:00","18:00","21:00","210.83500055555555","https://clubspark.ca/TBCHubStanleyPark/Booking/bookbycourt#?startDate=2025-06-19&endDate=2025-06-26&resource=5&&role=guest","Richmond"
"Tennis BC Hub @ Stanley Park","Stanley Park Court #6","2025-06-30","06:00","06:30","08:00","223.33500055555555","https://clubspark.ca/TBCHubStanleyPark/Booking/bookbycourt#?startDate=2025-06-19&endDate=2025-06-26&resource=5&&role=guest","Richmond"
"Tennis BC Hub @ Stanley Park","Stanley Park Court #6","2025-06-30","09:00","09:00","18:00","225.83500055555555","https://clubspark.ca/TBCHubStanleyPark/Booking/bookbycourt#?startDate=2025-06-19&endDate=2025-06-26&resource=5&&role=guest","Richmond"
"Tennis BC Hub @ Stanley Park","Stanley Park Court #6","2025-06-30","20:00","20:00","21:00","236.83500055555555","https://clubspark.ca/TBCHubStanleyPark/Booking/bookbycourt#?startDate=2025-06-19&endDate=2025-06-26&resource=5&&role=guest","Richmond"
"Tennis BC Hub @ Stanley Park","Stanley Park Court #6","2025-07-01","06:00","06:30","08:00","247.33500055555555","https://clubspark.ca/TBCHubStanleyPark/Booking/bookbycourt#?startDate=2025-06-19&endDate=2025-06-26&resource=5&&role=guest","Richmond"
"Tennis BC Hub @ Stanley Park","Stanley Park Court #6","2025-07-01","09:00","09:00","21:00","249.83500055555555","https://clubspark.ca/TBCHubStanleyPark/Booking/bookbycourt#?startDate=2025-06-19&endDate=2025-06-26&resource=5&&role=guest","Richmond"